agent_0,agent_1,level,trial,score,dishes,collisions
ppo_sp,ppo_sp,cramped_room,1,100.0,5,217
ppo_sp,ppo_sp,cramped_room,2,100.0,5,206
ppo_sp,greedy,cramped_room,1,100.0,5,232
ppo_sp,greedy,cramped_room,2,100.0,5,228
ppo_sp,random,cramped_room,1,40.0,2,249
ppo_sp,random,cramped_room,2,20.0,1,249
greedy,ppo_sp,cramped_room,1,100.0,5,208
greedy,ppo_sp,cramped_room,2,100.0,5,221
greedy,greedy,cramped_room,1,80.0,4,244
greedy,greedy,cramped_room,2,100.0,5,231
greedy,random,cramped_room,1,80.0,4,201
greedy,random,cramped_room,2,60.0,3,211
random,ppo_sp,cramped_room,1,60.0,3,216
random,ppo_sp,cramped_room,2,60.0,3,239
random,greedy,cramped_room,1,40.0,2,218
random,greedy,cramped_room,2,80.0,4,215
random,random,cramped_room,1,0.0,0,235
random,random,cramped_room,2,0.0,0,208
ppo_sp,ppo_sp,asymmetric_advantages,1,220.0,11,252
ppo_sp,ppo_sp,asymmetric_advantages,2,200.0,10,256
ppo_sp,greedy,asymmetric_advantages,1,200.0,10,244
ppo_sp,greedy,asymmetric_advantages,2,180.0,9,246
ppo_sp,random,asymmetric_advantages,1,0.0,0,250
ppo_sp,random,asymmetric_advantages,2,0.0,0,253
greedy,ppo_sp,asymmetric_advantages,1,100.0,5,212
greedy,ppo_sp,asymmetric_advantages,2,80.0,4,218
greedy,greedy,asymmetric_advantages,1,120.0,6,201
greedy,greedy,asymmetric_advantages,2,100.0,5,192
greedy,random,asymmetric_advantages,1,80.0,4,204
greedy,random,asymmetric_advantages,2,80.0,4,198
random,ppo_sp,asymmetric_advantages,1,0.0,0,195
random,ppo_sp,asymmetric_advantages,2,0.0,0,179
random,greedy,asymmetric_advantages,1,40.0,2,172
random,greedy,asymmetric_advantages,2,60.0,3,182
random,random,asymmetric_advantages,1,0.0,0,190
random,random,asymmetric_advantages,2,0.0,0,172
